feature_id,feature_class,confidence,avg_probability,trace_idx,sample_idx,depth_m
1,vertical_fault,high,0.6818003187702933,55,1993,1494.75
1,vertical_fault,high,0.6818003187702933,74,1998,1498.5
1,vertical_fault,high,0.6818003187702933,50,2003,1502.25
1,vertical_fault,high,0.6818003187702933,74,2008,1506.0
1,vertical_fault,high,0.6818003187702933,68,2013,1509.75
1,vertical_fault,high,0.6818003187702933,60,2018,1513.5000000000002
1,vertical_fault,high,0.6818003187702933,54,2023,1517.25
1,vertical_fault,high,0.6818003187702933,70,2028,1521.0
1,vertical_fault,high,0.6818003187702933,69,2033,1524.75
1,vertical_fault,high,0.6818003187702933,82,2038,1528.5000000000002
1,vertical_fault,high,0.6818003187702933,80,2043,1532.25
1,vertical_fault,high,0.6818003187702933,72,2048,1536.0
1,vertical_fault,high,0.6818003187702933,53,2053,1539.75
1,vertical_fault,high,0.6818003187702933,52,2058,1543.4999999999998
1,vertical_fault,high,0.6818003187702933,58,2063,1547.2500000000002
1,vertical_fault,high,0.6818003187702933,64,2068,1551.0
1,vertical_fault,high,0.6818003187702933,66,2073,1554.75
1,vertical_fault,high,0.6818003187702933,64,2078,1558.4999999999998
1,vertical_fault,high,0.6818003187702933,67,2083,1562.2500000000002
1,vertical_fault,high,0.6818003187702933,66,2088,1566.0
1,vertical_fault,high,0.6818003187702933,81,2093,1569.75
1,vertical_fault,high,0.6818003187702933,79,2098,1573.5
1,vertical_fault,high,0.6818003187702933,60,2103,1577.2500000000002
1,vertical_fault,high,0.6818003187702933,69,2108,1581.0
1,vertical_fault,high,0.6818003187702933,55,2113,1584.75
1,vertical_fault,high,0.6818003187702933,65,2118,1588.5
1,vertical_fault,high,0.6818003187702933,61,2123,1592.2500000000002
1,vertical_fault,high,0.6818003187702933,66,2128,1596.0
1,vertical_fault,high,0.6818003187702933,70,2133,1599.75
1,vertical_fault,high,0.6818003187702933,67,2138,1603.5
1,vertical_fault,high,0.6818003187702933,72,2143,1607.2500000000002
1,vertical_fault,high,0.6818003187702933,82,2148,1611.0
1,vertical_fault,high,0.6818003187702933,66,2153,1614.75
1,vertical_fault,high,0.6818003187702933,66,2158,1618.5
1,vertical_fault,high,0.6818003187702933,66,2163,1622.2500000000002
1,vertical_fault,high,0.6818003187702933,63,2168,1626.0
1,vertical_fault,high,0.6818003187702933,67,2173,1629.75
1,vertical_fault,high,0.6818003187702933,69,2178,1633.5
1,vertical_fault,high,0.6818003187702933,61,2183,1637.2499999999998
1,vertical_fault,high,0.6818003187702933,81,2188,1641.0000000000002
1,vertical_fault,high,0.6818003187702933,66,2193,1644.75
1,vertical_fault,high,0.6818003187702933,90,2198,1648.5
1,vertical_fault,high,0.6818003187702933,83,2203,1652.2499999999998
1,vertical_fault,high,0.6818003187702933,78,2208,1656.0000000000002
1,vertical_fault,high,0.6818003187702933,54,2213,1659.75
1,vertical_fault,high,0.6818003187702933,66,2218,1663.5
1,vertical_fault,high,0.6818003187702933,71,2223,1667.25
1,vertical_fault,high,0.6818003187702933,68,2228,1671.0000000000002
1,vertical_fault,high,0.6818003187702933,72,2233,1674.75
1,vertical_fault,high,0.6818003187702933,75,2238,1678.5
1,vertical_fault,high,0.6818003187702933,81,2243,1682.25
1,vertical_fault,high,0.6818003187702933,73,2248,1686.0000000000002
1,vertical_fault,high,0.6818003187702933,66,2253,1689.75
1,vertical_fault,high,0.6818003187702933,64,2258,1693.5
1,vertical_fault,high,0.6818003187702933,68,2263,1697.25
1,vertical_fault,high,0.6818003187702933,59,2268,1701.0000000000002
1,vertical_fault,high,0.6818003187702933,67,2273,1704.75
1,vertical_fault,high,0.6818003187702933,87,2278,1708.5
1,vertical_fault,high,0.6818003187702933,57,2283,1712.25
1,vertical_fault,high,0.6818003187702933,70,2288,1716.0000000000002
1,vertical_fault,high,0.6818003187702933,62,2293,1719.75
1,vertical_fault,high,0.6818003187702933,66,2298,1723.5
1,vertical_fault,high,0.6818003187702933,67,2303,1727.25
1,vertical_fault,high,0.6818003187702933,83,2308,1730.9999999999998
1,vertical_fault,high,0.6818003187702933,78,2313,1734.7500000000002
1,vertical_fault,high,0.6818003187702933,71,2318,1738.5
1,vertical_fault,high,0.6818003187702933,67,2323,1742.25
1,vertical_fault,high,0.6818003187702933,63,2328,1745.9999999999998
1,vertical_fault,high,0.6818003187702933,72,2333,1749.7500000000002
1,vertical_fault,high,0.6818003187702933,62,2338,1753.5
1,vertical_fault,high,0.6818003187702933,69,2343,1757.25
1,vertical_fault,high,0.6818003187702933,71,2348,1761.0
1,vertical_fault,high,0.6818003187702933,69,2353,1764.7500000000002
1,vertical_fault,high,0.6818003187702933,66,2358,1768.5
1,vertical_fault,high,0.6818003187702933,64,2363,1772.25
1,vertical_fault,high,0.6818003187702933,79,2368,1776.0
1,vertical_fault,high,0.6818003187702933,57,2373,1779.7500000000002
1,vertical_fault,high,0.6818003187702933,67,2378,1783.5
1,vertical_fault,high,0.6818003187702933,67,2383,1787.25
1,vertical_fault,high,0.6818003187702933,64,2388,1791.0
1,vertical_fault,high,0.6818003187702933,75,2393,1794.7500000000002
1,vertical_fault,high,0.6818003187702933,69,2398,1798.5
1,vertical_fault,high,0.6818003187702933,63,2403,1802.25
1,vertical_fault,high,0.6818003187702933,72,2408,1806.0
1,vertical_fault,high,0.6818003187702933,79,2413,1809.7500000000002
1,vertical_fault,high,0.6818003187702933,61,2418,1813.5
1,vertical_fault,high,0.6818003187702933,88,2423,1817.25
1,vertical_fault,high,0.6818003187702933,82,2428,1821.0
1,vertical_fault,high,0.6818003187702933,69,2433,1824.7499999999998
1,vertical_fault,high,0.6818003187702933,56,2438,1828.5000000000002
1,vertical_fault,high,0.6818003187702933,81,2443,1832.25
1,vertical_fault,high,0.6818003187702933,69,2448,1836.0
1,vertical_fault,high,0.6818003187702933,78,2453,1839.7499999999998
1,vertical_fault,high,0.6818003187702933,77,2458,1843.5000000000002
1,vertical_fault,high,0.6818003187702933,69,2463,1847.25
1,vertical_fault,high,0.6818003187702933,73,2468,1851.0
1,vertical_fault,high,0.6818003187702933,64,2473,1854.75
1,vertical_fault,high,0.6818003187702933,71,2478,1858.5000000000002
1,vertical_fault,high,0.6818003187702933,76,2483,1862.25
1,vertical_fault,high,0.6818003187702933,80,2488,1866.0
1,vertical_fault,high,0.6818003187702933,65,2493,1869.75
1,vertical_fault,high,0.6818003187702933,73,2498,1873.5000000000002
1,vertical_fault,high,0.6818003187702933,63,2503,1877.25
1,vertical_fault,high,0.6818003187702933,83,2508,1881.0
1,vertical_fault,high,0.6818003187702933,68,2513,1884.75
1,vertical_fault,high,0.6818003187702933,55,2518,1888.5000000000002
1,vertical_fault,high,0.6818003187702933,66,2523,1892.25
1,vertical_fault,high,0.6818003187702933,35,2528,1896.0
1,vertical_fault,high,0.6818003187702933,81,2533,1899.75
1,vertical_fault,high,0.6818003187702933,65,2538,1903.5000000000002
1,vertical_fault,high,0.6818003187702933,73,2543,1907.25
1,vertical_fault,high,0.6818003187702933,58,2548,1911.0
1,vertical_fault,high,0.6818003187702933,68,2553,1914.75
1,vertical_fault,high,0.6818003187702933,75,2558,1918.5000000000002
1,vertical_fault,high,0.6818003187702933,58,2563,1922.2500000000002
1,vertical_fault,high,0.6818003187702933,74,2568,1926.0
1,vertical_fault,high,0.6818003187702933,63,2573,1929.75
1,vertical_fault,high,0.6818003187702933,68,2578,1933.4999999999998
1,vertical_fault,high,0.6818003187702933,85,2583,1937.2500000000002
1,vertical_fault,high,0.6818003187702933,82,2588,1941.0
1,vertical_fault,high,0.6818003187702933,71,2593,1944.75
1,vertical_fault,high,0.6818003187702933,60,2598,1948.5
1,vertical_fault,high,0.6818003187702933,55,2603,1952.2500000000002
1,vertical_fault,high,0.6818003187702933,75,2608,1956.0
1,vertical_fault,high,0.6818003187702933,66,2613,1959.75
1,vertical_fault,high,0.6818003187702933,64,2618,1963.5
1,vertical_fault,high,0.6818003187702933,84,2623,1967.2500000000002
1,vertical_fault,high,0.6818003187702933,71,2628,1971.0
1,vertical_fault,high,0.6818003187702933,78,2633,1974.75
1,vertical_fault,high,0.6818003187702933,57,2638,1978.5
1,vertical_fault,high,0.6818003187702933,66,2643,1982.2500000000002
1,vertical_fault,high,0.6818003187702933,45,2648,1986.0
1,vertical_fault,high,0.6818003187702933,85,2653,1989.75
1,vertical_fault,high,0.6818003187702933,72,2658,1993.5
1,vertical_fault,high,0.6818003187702933,91,2663,1997.2500000000002
1,vertical_fault,high,0.6818003187702933,78,2668,2001.0
1,vertical_fault,high,0.6818003187702933,67,2673,2004.75
1,vertical_fault,high,0.6818003187702933,71,2678,2008.5
1,vertical_fault,high,0.6818003187702933,64,2683,2012.2500000000002
1,vertical_fault,high,0.6818003187702933,86,2688,2016.0000000000002
1,vertical_fault,high,0.6818003187702933,65,2693,2019.75
1,vertical_fault,high,0.6818003187702933,74,2698,2023.5
1,vertical_fault,high,0.6818003187702933,66,2703,2027.2499999999998
1,vertical_fault,high,0.6818003187702933,95,2708,2031.0000000000002
1,vertical_fault,high,0.6818003187702933,68,2713,2034.75
1,vertical_fault,high,0.6818003187702933,60,2718,2038.5
1,vertical_fault,high,0.6818003187702933,70,2723,2042.25
1,vertical_fault,high,0.6818003187702933,45,2728,2046.0000000000002
1,vertical_fault,high,0.6818003187702933,57,2733,2049.75
1,vertical_fault,high,0.6818003187702933,64,2738,2053.5
1,vertical_fault,high,0.6818003187702933,47,2743,2057.25
1,vertical_fault,high,0.6818003187702933,56,2748,2061.0
1,vertical_fault,high,0.6818003187702933,66,2753,2064.75
1,vertical_fault,high,0.6818003187702933,75,2758,2068.5
1,vertical_fault,high,0.6818003187702933,71,2763,2072.25
1,vertical_fault,high,0.6818003187702933,55,2768,2076.0
1,vertical_fault,high,0.6818003187702933,74,2773,2079.75
1,vertical_fault,high,0.6818003187702933,73,2778,2083.5
1,vertical_fault,high,0.6818003187702933,71,2783,2087.25
1,vertical_fault,high,0.6818003187702933,67,2788,2091.0
1,vertical_fault,high,0.6818003187702933,48,2793,2094.75
1,vertical_fault,high,0.6818003187702933,64,2798,2098.5
1,vertical_fault,high,0.6818003187702933,71,2803,2102.25
1,vertical_fault,high,0.6818003187702933,73,2808,2106.0
1,vertical_fault,high,0.6818003187702933,83,2813,2109.75
1,vertical_fault,high,0.6818003187702933,66,2818,2113.5
1,vertical_fault,high,0.6818003187702933,66,2823,2117.25
1,vertical_fault,high,0.6818003187702933,65,2828,2121.0
1,vertical_fault,high,0.6818003187702933,59,2833,2124.75
1,vertical_fault,high,0.6818003187702933,56,2838,2128.5
1,vertical_fault,high,0.6818003187702933,37,2843,2132.25
1,vertical_fault,high,0.6818003187702933,68,2848,2136.0
1,vertical_fault,high,0.6818003187702933,81,2853,2139.75
1,vertical_fault,high,0.6818003187702933,85,2858,2143.5
1,vertical_fault,high,0.6818003187702933,65,2863,2147.25
1,vertical_fault,high,0.6818003187702933,66,2868,2151.0
1,vertical_fault,high,0.6818003187702933,66,2873,2154.75
1,vertical_fault,high,0.6818003187702933,74,2878,2158.5
1,vertical_fault,high,0.6818003187702933,71,2883,2162.25
1,vertical_fault,high,0.6818003187702933,63,2888,2166.0
1,vertical_fault,high,0.6818003187702933,65,2893,2169.75
1,vertical_fault,high,0.6818003187702933,79,2898,2173.5
1,vertical_fault,high,0.6818003187702933,70,2903,2177.25
1,vertical_fault,high,0.6818003187702933,61,2908,2181.0
1,vertical_fault,high,0.6818003187702933,77,2913,2184.75
1,vertical_fault,high,0.6818003187702933,70,2918,2188.5
1,vertical_fault,high,0.6818003187702933,86,2923,2192.25
1,vertical_fault,high,0.6818003187702933,70,2928,2196.0
1,vertical_fault,high,0.6818003187702933,71,2933,2199.75
1,vertical_fault,high,0.6818003187702933,68,2938,2203.5
1,vertical_fault,high,0.6818003187702933,51,2943,2207.25
1,vertical_fault,high,0.6818003187702933,54,2948,2211.0
1,vertical_fault,high,0.6818003187702933,61,2953,2214.75
1,vertical_fault,high,0.6818003187702933,66,2958,2218.5
1,vertical_fault,high,0.6818003187702933,65,2963,2222.25
1,vertical_fault,high,0.6818003187702933,77,2968,2226.0
1,vertical_fault,high,0.6818003187702933,93,2973,2229.75
1,vertical_fault,high,0.6818003187702933,54,2978,2233.5
1,vertical_fault,high,0.6818003187702933,69,2983,2237.25
1,vertical_fault,high,0.6818003187702933,78,2988,2241.0
1,vertical_fault,high,0.6818003187702933,74,2993,2244.75
1,vertical_fault,high,0.6818003187702933,73,2998,2248.5
1,vertical_fault,high,0.6818003187702933,36,3003,2252.25
1,vertical_fault,high,0.6818003187702933,61,3008,2256.0
1,vertical_fault,high,0.6818003187702933,81,3013,2259.75
1,vertical_fault,high,0.6818003187702933,77,3018,2263.5
1,vertical_fault,high,0.6818003187702933,73,3023,2267.25
1,vertical_fault,high,0.6818003187702933,60,3028,2271.0
1,vertical_fault,high,0.6818003187702933,87,3033,2274.75
1,vertical_fault,high,0.6818003187702933,72,3038,2278.5
1,vertical_fault,high,0.6818003187702933,73,3043,2282.25
1,vertical_fault,high,0.6818003187702933,71,3048,2286.0
1,vertical_fault,high,0.6818003187702933,61,3053,2289.75
1,vertical_fault,high,0.6818003187702933,76,3058,2293.5
1,vertical_fault,high,0.6818003187702933,71,3063,2297.25
1,vertical_fault,high,0.6818003187702933,69,3068,2301.0
1,vertical_fault,high,0.6818003187702933,70,3073,2304.75
1,vertical_fault,high,0.6818003187702933,53,3078,2308.5
1,vertical_fault,high,0.6818003187702933,77,3083,2312.25
1,vertical_fault,high,0.6818003187702933,64,3088,2316.0
1,vertical_fault,high,0.6818003187702933,66,3093,2319.75
1,vertical_fault,high,0.6818003187702933,70,3098,2323.5
1,vertical_fault,high,0.6818003187702933,67,3103,2327.25
1,vertical_fault,high,0.6818003187702933,56,3108,2331.0
1,vertical_fault,high,0.6818003187702933,69,3113,2334.75
1,vertical_fault,high,0.6818003187702933,81,3118,2338.5
1,vertical_fault,high,0.6818003187702933,79,3123,2342.25
1,vertical_fault,high,0.6818003187702933,71,3128,2346.0
1,vertical_fault,high,0.6818003187702933,24,3133,2349.75
1,vertical_fault,high,0.6818003187702933,70,3138,2353.5
1,vertical_fault,high,0.6818003187702933,79,3143,2357.25
1,vertical_fault,high,0.6818003187702933,53,3148,2361.0
1,vertical_fault,high,0.6818003187702933,65,3153,2364.75
1,vertical_fault,high,0.6818003187702933,72,3158,2368.5
1,vertical_fault,high,0.6818003187702933,63,3163,2372.25
1,vertical_fault,high,0.6818003187702933,87,3168,2376.0
1,vertical_fault,high,0.6818003187702933,82,3173,2379.75
1,vertical_fault,high,0.6818003187702933,73,3178,2383.5
1,vertical_fault,high,0.6818003187702933,71,3183,2387.25
1,vertical_fault,high,0.6818003187702933,80,3188,2391.0
1,vertical_fault,high,0.6818003187702933,54,3193,2394.75
1,vertical_fault,high,0.6818003187702933,67,3198,2398.5
1,vertical_fault,high,0.6818003187702933,72,3203,2402.25
1,vertical_fault,high,0.6818003187702933,59,3208,2406.0
1,vertical_fault,high,0.6818003187702933,62,3213,2409.75
1,vertical_fault,high,0.6818003187702933,80,3218,2413.5
1,vertical_fault,high,0.6818003187702933,70,3223,2417.25
1,vertical_fault,high,0.6818003187702933,78,3228,2421.0
1,vertical_fault,high,0.6818003187702933,67,3233,2424.75
1,vertical_fault,high,0.6818003187702933,70,3238,2428.5
1,vertical_fault,high,0.6818003187702933,56,3243,2432.25
1,vertical_fault,high,0.6818003187702933,61,3248,2436.0
1,vertical_fault,high,0.6818003187702933,76,3253,2439.75
1,vertical_fault,high,0.6818003187702933,72,3258,2443.5
1,vertical_fault,high,0.6818003187702933,68,3263,2447.25
1,vertical_fault,high,0.6818003187702933,65,3268,2451.0
1,vertical_fault,high,0.6818003187702933,64,3273,2454.75
1,vertical_fault,high,0.6818003187702933,71,3278,2458.5
1,vertical_fault,high,0.6818003187702933,74,3283,2462.25
1,vertical_fault,high,0.6818003187702933,41,3288,2466.0
1,vertical_fault,high,0.6818003187702933,90,3293,2469.75
1,vertical_fault,high,0.6818003187702933,66,3298,2473.5
1,vertical_fault,high,0.6818003187702933,70,3303,2477.25
1,vertical_fault,high,0.6818003187702933,67,3308,2481.0
1,vertical_fault,high,0.6818003187702933,70,3313,2484.75
1,vertical_fault,high,0.6818003187702933,66,3318,2488.5
1,vertical_fault,high,0.6818003187702933,67,3323,2492.25
1,vertical_fault,high,0.6818003187702933,77,3328,2496.0
1,vertical_fault,high,0.6818003187702933,74,3333,2499.75
1,vertical_fault,high,0.6818003187702933,67,3338,2503.5
1,vertical_fault,high,0.6818003187702933,79,3343,2507.25
1,vertical_fault,high,0.6818003187702933,64,3348,2511.0
1,vertical_fault,high,0.6818003187702933,65,3353,2514.75
1,vertical_fault,high,0.6818003187702933,73,3358,2518.5
1,vertical_fault,high,0.6818003187702933,67,3363,2522.25
1,vertical_fault,high,0.6818003187702933,65,3368,2526.0
1,vertical_fault,high,0.6818003187702933,63,3373,2529.75
1,vertical_fault,high,0.6818003187702933,72,3378,2533.5
1,vertical_fault,high,0.6818003187702933,59,3383,2537.25
1,vertical_fault,high,0.6818003187702933,79,3388,2541.0
1,vertical_fault,high,0.6818003187702933,70,3393,2544.75
1,vertical_fault,high,0.6818003187702933,73,3398,2548.5
1,vertical_fault,high,0.6818003187702933,77,3403,2552.25
1,vertical_fault,high,0.6818003187702933,70,3408,2556.0
1,vertical_fault,high,0.6818003187702933,70,3413,2559.75
1,vertical_fault,high,0.6818003187702933,71,3418,2563.5
1,vertical_fault,high,0.6818003187702933,72,3423,2567.25
1,vertical_fault,high,0.6818003187702933,75,3428,2571.0
1,vertical_fault,high,0.6818003187702933,80,3433,2574.75
1,vertical_fault,high,0.6818003187702933,63,3438,2578.5
1,vertical_fault,high,0.6818003187702933,78,3443,2582.25
1,vertical_fault,high,0.6818003187702933,77,3448,2586.0
1,vertical_fault,high,0.6818003187702933,69,3453,2589.75
1,vertical_fault,high,0.6818003187702933,63,3458,2593.5
1,vertical_fault,high,0.6818003187702933,54,3463,2597.25
1,vertical_fault,high,0.6818003187702933,41,3468,2601.0
1,vertical_fault,high,0.6818003187702933,46,3473,2604.75
1,vertical_fault,high,0.6818003187702933,42,3478,2608.5
1,vertical_fault,high,0.6818003187702933,61,3483,2612.25
1,vertical_fault,high,0.6818003187702933,71,3488,2616.0
1,vertical_fault,high,0.6818003187702933,78,3493,2619.75
1,vertical_fault,high,0.6818003187702933,77,3498,2623.5
1,vertical_fault,high,0.6818003187702933,71,3503,2627.25
1,vertical_fault,high,0.6818003187702933,61,3508,2631.0
1,vertical_fault,high,0.6818003187702933,66,3513,2634.75
1,vertical_fault,high,0.6818003187702933,61,3518,2638.5
1,vertical_fault,high,0.6818003187702933,77,3523,2642.25
1,vertical_fault,high,0.6818003187702933,53,3528,2646.0
1,vertical_fault,high,0.6818003187702933,59,3533,2649.75
1,vertical_fault,high,0.6818003187702933,68,3538,2653.5
1,vertical_fault,high,0.6818003187702933,71,3543,2657.25
1,vertical_fault,high,0.6818003187702933,68,3548,2661.0
1,vertical_fault,high,0.6818003187702933,59,3553,2664.75
1,vertical_fault,high,0.6818003187702933,70,3558,2668.5
1,vertical_fault,high,0.6818003187702933,67,3563,2672.25
1,vertical_fault,high,0.6818003187702933,75,3568,2676.0
1,vertical_fault,high,0.6818003187702933,63,3573,2679.75
1,vertical_fault,high,0.6818003187702933,72,3578,2683.5
1,vertical_fault,high,0.6818003187702933,68,3583,2687.25
1,vertical_fault,high,0.6818003187702933,67,3588,2691.0
1,vertical_fault,high,0.6818003187702933,78,3593,2694.75
1,vertical_fault,high,0.6818003187702933,74,3598,2698.5
1,vertical_fault,high,0.6818003187702933,57,3603,2702.25
1,vertical_fault,high,0.6818003187702933,72,3608,2706.0
1,vertical_fault,high,0.6818003187702933,54,3613,2709.75
1,vertical_fault,high,0.6818003187702933,48,3618,2713.5
1,vertical_fault,high,0.6818003187702933,54,3623,2717.25
1,vertical_fault,high,0.6818003187702933,70,3628,2721.0
1,vertical_fault,high,0.6818003187702933,74,3633,2724.75
1,vertical_fault,high,0.6818003187702933,68,3638,2728.5
1,vertical_fault,high,0.6818003187702933,75,3643,2732.25
1,vertical_fault,high,0.6818003187702933,77,3648,2736.0
1,vertical_fault,high,0.6818003187702933,87,3653,2739.75
1,vertical_fault,high,0.6818003187702933,59,3658,2743.5
1,vertical_fault,high,0.6818003187702933,59,3663,2747.25
1,vertical_fault,high,0.6818003187702933,59,3668,2751.0
1,vertical_fault,high,0.6818003187702933,57,3673,2754.75
1,vertical_fault,high,0.6818003187702933,78,3678,2758.5
1,vertical_fault,high,0.6818003187702933,73,3683,2762.25
1,vertical_fault,high,0.6818003187702933,73,3688,2766.0
1,vertical_fault,high,0.6818003187702933,59,3693,2769.75
1,vertical_fault,high,0.6818003187702933,70,3698,2773.5
1,vertical_fault,high,0.6818003187702933,78,3703,2777.25
1,vertical_fault,high,0.6818003187702933,46,3708,2781.0
1,vertical_fault,high,0.6818003187702933,73,3713,2784.75
1,vertical_fault,high,0.6818003187702933,68,3718,2788.5
1,vertical_fault,high,0.6818003187702933,64,3723,2792.25
1,vertical_fault,high,0.6818003187702933,54,3728,2796.0
1,vertical_fault,high,0.6818003187702933,38,3733,2799.75
1,vertical_fault,high,0.6818003187702933,69,3738,2803.5
1,vertical_fault,high,0.6818003187702933,73,3743,2807.25
1,vertical_fault,high,0.6818003187702933,53,3748,2811.0
1,vertical_fault,high,0.6818003187702933,73,3753,2814.75
1,vertical_fault,high,0.6818003187702933,64,3758,2818.5
1,vertical_fault,high,0.6818003187702933,65,3763,2822.25
1,vertical_fault,high,0.6818003187702933,50,3768,2826.0
1,vertical_fault,high,0.6818003187702933,77,3773,2829.75
1,vertical_fault,high,0.6818003187702933,76,3778,2833.5
1,vertical_fault,high,0.6818003187702933,73,3783,2837.25
1,vertical_fault,high,0.6818003187702933,84,3788,2841.0
1,vertical_fault,high,0.6818003187702933,71,3793,2844.75
1,vertical_fault,high,0.6818003187702933,52,3798,2848.5
1,vertical_fault,high,0.6818003187702933,77,3803,2852.25
1,vertical_fault,high,0.6818003187702933,56,3808,2856.0
1,vertical_fault,high,0.6818003187702933,59,3813,2859.75
1,vertical_fault,high,0.6818003187702933,83,3818,2863.5
1,vertical_fault,high,0.6818003187702933,79,3823,2867.25
1,vertical_fault,high,0.6818003187702933,81,3828,2871.0
1,vertical_fault,high,0.6818003187702933,60,3833,2874.75
1,vertical_fault,high,0.6818003187702933,59,3838,2878.5
1,vertical_fault,high,0.6818003187702933,59,3843,2882.25
1,vertical_fault,high,0.6818003187702933,62,3848,2886.0
1,vertical_fault,high,0.6818003187702933,73,3853,2889.75
1,vertical_fault,high,0.6818003187702933,72,3858,2893.5
1,vertical_fault,high,0.6818003187702933,72,3863,2897.25
1,vertical_fault,high,0.6818003187702933,70,3868,2901.0
1,vertical_fault,high,0.6818003187702933,69,3873,2904.75
1,vertical_fault,high,0.6818003187702933,74,3878,2908.5
1,vertical_fault,high,0.6818003187702933,70,3883,2912.25
1,vertical_fault,high,0.6818003187702933,72,3888,2916.0
1,vertical_fault,high,0.6818003187702933,74,3893,2919.75
1,vertical_fault,high,0.6818003187702933,77,3898,2923.5
1,vertical_fault,high,0.6818003187702933,70,3903,2927.25
1,vertical_fault,high,0.6818003187702933,66,3908,2931.0
1,vertical_fault,high,0.6818003187702933,73,3913,2934.75
1,vertical_fault,high,0.6818003187702933,76,3918,2938.5
1,vertical_fault,high,0.6818003187702933,81,3923,2942.25
1,vertical_fault,high,0.6818003187702933,76,3928,2946.0
1,vertical_fault,high,0.6818003187702933,81,3933,2949.75
1,vertical_fault,high,0.6818003187702933,73,3938,2953.5
1,vertical_fault,high,0.6818003187702933,71,3943,2957.25
1,vertical_fault,high,0.6818003187702933,75,3948,2961.0
1,vertical_fault,high,0.6818003187702933,68,3953,2964.75
1,vertical_fault,high,0.6818003187702933,71,3958,2968.5
1,vertical_fault,high,0.6818003187702933,71,3963,2972.25
1,vertical_fault,high,0.6818003187702933,82,3968,2976.0
1,vertical_fault,high,0.6818003187702933,63,3973,2979.75
1,vertical_fault,high,0.6818003187702933,65,3978,2983.5
1,vertical_fault,high,0.6818003187702933,89,3983,2987.25
1,vertical_fault,high,0.6818003187702933,64,3988,2991.0
1,vertical_fault,high,0.6818003187702933,72,3993,2994.75
1,vertical_fault,high,0.6818003187702933,72,3998,2998.5
1,vertical_fault,high,0.6818003187702933,63,4003,3002.25
1,vertical_fault,high,0.6818003187702933,57,4008,3006.0
1,vertical_fault,high,0.6818003187702933,59,4013,3009.75
1,vertical_fault,high,0.6818003187702933,63,4018,3013.5
1,vertical_fault,high,0.6818003187702933,63,4023,3017.2499999999995
1,vertical_fault,high,0.6818003187702933,73,4028,3021.0000000000005
1,vertical_fault,high,0.6818003187702933,66,4033,3024.7500000000005
1,vertical_fault,high,0.6818003187702933,61,4038,3028.5
1,vertical_fault,high,0.6818003187702933,63,4043,3032.25
1,vertical_fault,high,0.6818003187702933,71,4048,3036.0
1,vertical_fault,high,0.6818003187702933,80,4053,3039.75
1,vertical_fault,high,0.6818003187702933,64,4058,3043.5
1,vertical_fault,high,0.6818003187702933,61,4063,3047.25
1,vertical_fault,high,0.6818003187702933,66,4068,3051.0000000000005
1,vertical_fault,high,0.6818003187702933,62,4073,3054.7500000000005
1,vertical_fault,high,0.6818003187702933,61,4078,3058.5
1,vertical_fault,high,0.6818003187702933,41,4083,3062.25
1,vertical_fault,high,0.6818003187702933,74,4088,3066.0
1,vertical_fault,high,0.6818003187702933,54,4093,3069.75
1,vertical_fault,high,0.6818003187702933,81,4098,3073.5
1,vertical_fault,high,0.6818003187702933,78,4103,3077.25
1,vertical_fault,high,0.6818003187702933,64,4108,3080.9999999999995
1,vertical_fault,high,0.6818003187702933,54,4113,3084.7500000000005
1,vertical_fault,high,0.6818003187702933,72,4118,3088.5000000000005
1,vertical_fault,high,0.6818003187702933,52,4123,3092.25
1,vertical_fault,high,0.6818003187702933,71,4128,3096.0
1,vertical_fault,high,0.6818003187702933,82,4133,3099.75
1,vertical_fault,high,0.6818003187702933,66,4138,3103.5
1,vertical_fault,high,0.6818003187702933,57,4143,3107.25
1,vertical_fault,high,0.6818003187702933,43,4148,3110.9999999999995
1,vertical_fault,high,0.6818003187702933,54,4153,3114.7500000000005
1,vertical_fault,high,0.6818003187702933,49,4158,3118.5000000000005
1,vertical_fault,high,0.6818003187702933,59,4163,3122.25
1,vertical_fault,high,0.6818003187702933,86,4168,3126.0
1,vertical_fault,high,0.6818003187702933,80,4173,3129.75
1,vertical_fault,high,0.6818003187702933,79,4178,3133.5
1,vertical_fault,high,0.6818003187702933,70,4183,3137.25
1,vertical_fault,high,0.6818003187702933,96,4188,3141.0
1,vertical_fault,high,0.6818003187702933,62,4193,3144.7500000000005
1,vertical_fault,high,0.6818003187702933,65,4198,3148.5000000000005
1,vertical_fault,high,0.6818003187702933,79,4203,3152.25
1,vertical_fault,high,0.6818003187702933,82,4208,3156.0
1,vertical_fault,high,0.6818003187702933,58,4213,3159.75
1,vertical_fault,high,0.6818003187702933,96,4218,3163.5
1,vertical_fault,high,0.6818003187702933,53,4223,3167.25
1,vertical_fault,high,0.6818003187702933,55,4228,3171.0
1,vertical_fault,high,0.6818003187702933,69,4233,3174.7499999999995
1,vertical_fault,high,0.6818003187702933,64,4238,3178.5000000000005
1,vertical_fault,high,0.6818003187702933,64,4243,3182.2500000000005
1,vertical_fault,high,0.6818003187702933,66,4248,3186.0
1,vertical_fault,high,0.6818003187702933,76,4253,3189.75
1,vertical_fault,high,0.6818003187702933,71,4258,3193.5
1,vertical_fault,high,0.6818003187702933,54,4263,3197.25
1,vertical_fault,high,0.6818003187702933,56,4268,3201.0
1,vertical_fault,high,0.6818003187702933,72,4273,3204.7499999999995
1,vertical_fault,high,0.6818003187702933,56,4278,3208.5000000000005
1,vertical_fault,high,0.6818003187702933,70,4283,3212.2500000000005
1,vertical_fault,high,0.6818003187702933,78,4288,3216.0
1,vertical_fault,high,0.6818003187702933,69,4293,3219.75
1,vertical_fault,high,0.6818003187702933,71,4298,3223.5
1,vertical_fault,high,0.6818003187702933,68,4303,3227.25
1,vertical_fault,high,0.6818003187702933,53,4308,3231.0
1,vertical_fault,high,0.6818003187702933,81,4313,3234.75
1,vertical_fault,high,0.6818003187702933,52,4318,3238.5000000000005
1,vertical_fault,high,0.6818003187702933,67,4323,3242.2500000000005
1,vertical_fault,high,0.6818003187702933,64,4328,3246.0
1,vertical_fault,high,0.6818003187702933,73,4333,3249.75
1,vertical_fault,high,0.6818003187702933,80,4338,3253.5
1,vertical_fault,high,0.6818003187702933,91,4343,3257.25
1,vertical_fault,high,0.6818003187702933,67,4348,3261.0
1,vertical_fault,high,0.6818003187702933,62,4353,3264.75
1,vertical_fault,high,0.6818003187702933,67,4358,3268.4999999999995
1,vertical_fault,high,0.6818003187702933,61,4363,3272.2500000000005
1,vertical_fault,high,0.6818003187702933,69,4368,3276.0000000000005
1,vertical_fault,high,0.6818003187702933,60,4373,3279.75
1,vertical_fault,high,0.6818003187702933,58,4378,3283.5
1,vertical_fault,high,0.6818003187702933,65,4383,3287.25
1,vertical_fault,high,0.6818003187702933,59,4388,3291.0
1,vertical_fault,high,0.6818003187702933,89,4393,3294.75
1,vertical_fault,high,0.6818003187702933,66,4398,3298.4999999999995
1,vertical_fault,high,0.6818003187702933,58,4403,3302.2500000000005
1,vertical_fault,high,0.6818003187702933,73,4408,3306.0000000000005
1,vertical_fault,high,0.6818003187702933,83,4413,3309.75
1,vertical_fault,high,0.6818003187702933,71,4418,3313.5
1,vertical_fault,high,0.6818003187702933,78,4423,3317.25
1,vertical_fault,high,0.6818003187702933,83,4428,3321.0
1,vertical_fault,high,0.6818003187702933,64,4433,3324.75
1,vertical_fault,high,0.6818003187702933,65,4438,3328.5
1,vertical_fault,high,0.6818003187702933,72,4443,3332.2500000000005
1,vertical_fault,high,0.6818003187702933,85,4448,3336.0000000000005
1,vertical_fault,high,0.6818003187702933,60,4453,3339.75
1,vertical_fault,high,0.6818003187702933,80,4458,3343.5
1,vertical_fault,high,0.6818003187702933,63,4463,3347.25
1,vertical_fault,high,0.6818003187702933,85,4468,3351.0
1,vertical_fault,high,0.6818003187702933,70,4473,3354.75
1,vertical_fault,high,0.6818003187702933,66,4478,3358.5
1,vertical_fault,high,0.6818003187702933,66,4483,3362.2499999999995
1,vertical_fault,high,0.6818003187702933,85,4488,3366.0000000000005
1,vertical_fault,high,0.6818003187702933,70,4493,3369.7500000000005
1,vertical_fault,high,0.6818003187702933,78,4498,3373.5
1,vertical_fault,high,0.6818003187702933,74,4503,3377.25
1,vertical_fault,high,0.6818003187702933,73,4508,3381.0
1,vertical_fault,high,0.6818003187702933,47,4513,3384.75
1,vertical_fault,high,0.6818003187702933,64,4518,3388.5
1,vertical_fault,high,0.6818003187702933,67,4523,3392.2499999999995
1,vertical_fault,high,0.6818003187702933,82,4528,3396.0000000000005
1,vertical_fault,high,0.6818003187702933,67,4533,3399.7500000000005
1,vertical_fault,high,0.6818003187702933,57,4538,3403.5
1,vertical_fault,high,0.6818003187702933,45,4543,3407.25
1,vertical_fault,high,0.6818003187702933,65,4548,3411.0
1,vertical_fault,high,0.6818003187702933,62,4553,3414.75
1,vertical_fault,high,0.6818003187702933,73,4558,3418.5
1,vertical_fault,high,0.6818003187702933,68,4563,3422.25
1,vertical_fault,high,0.6818003187702933,69,4568,3426.0000000000005
1,vertical_fault,high,0.6818003187702933,56,4573,3429.7500000000005
1,vertical_fault,high,0.6818003187702933,79,4578,3433.5
1,vertical_fault,high,0.6818003187702933,73,4583,3437.25
1,vertical_fault,high,0.6818003187702933,75,4588,3441.0
1,vertical_fault,high,0.6818003187702933,66,4593,3444.75
1,vertical_fault,high,0.6818003187702933,59,4598,3448.5
1,vertical_fault,high,0.6818003187702933,61,4603,3452.25
1,vertical_fault,high,0.6818003187702933,77,4608,3456.0000000000005
1,vertical_fault,high,0.6818003187702933,69,4613,3459.7500000000005
1,vertical_fault,high,0.6818003187702933,60,4618,3463.5000000000005
1,vertical_fault,high,0.6818003187702933,108,4623,3467.25
2,listric_fault,high,0.5625932547916319,2270,1695,1271.25
2,listric_fault,high,0.5625932547916319,2262,1703,1277.25
2,listric_fault,high,0.5625932547916319,2262,1711,1283.25
2,listric_fault,high,0.5625932547916319,2251,1719,1289.25
2,listric_fault,high,0.5625932547916319,2251,1727,1295.25
2,listric_fault,high,0.5625932547916319,2251,1735,1301.25
2,listric_fault,high,0.5625932547916319,2258,1743,1307.25
2,listric_fault,high,0.5625932547916319,2258,1751,1313.25
2,listric_fault,high,0.5625932547916319,2258,1759,1319.25
2,listric_fault,high,0.5625932547916319,2254,1767,1325.25
2,listric_fault,high,0.5625932547916319,2254,1775,1331.25
2,listric_fault,high,0.5625932547916319,2258,1783,1337.25
2,listric_fault,high,0.5625932547916319,2254,1791,1343.25
2,listric_fault,high,0.5625932547916319,2254,1799,1349.25
2,listric_fault,high,0.5625932547916319,2254,1807,1355.25
2,listric_fault,high,0.5625932547916319,2254,1815,1361.25
2,listric_fault,high,0.5625932547916319,2254,1823,1367.25
2,listric_fault,high,0.5625932547916319,2254,1831,1373.25
2,listric_fault,high,0.5625932547916319,2251,1839,1379.25
2,listric_fault,high,0.5625932547916319,2244,1847,1385.25
2,listric_fault,high,0.5625932547916319,2244,1855,1391.25
2,listric_fault,high,0.5625932547916319,2251,1863,1397.25
2,listric_fault,high,0.5625932547916319,2251,1871,1403.25
2,listric_fault,high,0.5625932547916319,2251,1879,1409.25
2,listric_fault,high,0.5625932547916319,2251,1887,1415.25
2,listric_fault,high,0.5625932547916319,2244,1895,1421.25
2,listric_fault,high,0.5625932547916319,2240,1903,1427.25
2,listric_fault,high,0.5625932547916319,2240,1911,1433.25
2,listric_fault,high,0.5625932547916319,2251,1919,1439.25
2,listric_fault,high,0.5625932547916319,2252,1927,1445.25
2,listric_fault,high,0.5625932547916319,2252,1935,1451.25
2,listric_fault,high,0.5625932547916319,2260,1943,1457.25
2,listric_fault,high,0.5625932547916319,2260,1951,1463.25
2,listric_fault,high,0.5625932547916319,2260,1959,1469.25
2,listric_fault,high,0.5625932547916319,2256,1967,1475.25
2,listric_fault,high,0.5625932547916319,2256,1975,1481.25
2,listric_fault,high,0.5625932547916319,2256,1983,1487.25
2,listric_fault,high,0.5625932547916319,2256,1991,1493.25
2,listric_fault,high,0.5625932547916319,2256,1999,1499.25
2,listric_fault,high,0.5625932547916319,2253,2007,1505.25
2,listric_fault,high,0.5625932547916319,2250,2015,1511.25
2,listric_fault,high,0.5625932547916319,2253,2023,1517.25
2,listric_fault,high,0.5625932547916319,2253,2031,1523.25
2,listric_fault,high,0.5625932547916319,2253,2039,1529.25
2,listric_fault,high,0.5625932547916319,2250,2047,1535.2500000000002
2,listric_fault,high,0.5625932547916319,2250,2055,1541.2500000000002
2,listric_fault,high,0.5625932547916319,2253,2063,1547.2500000000002
2,listric_fault,high,0.5625932547916319,2253,2071,1553.2500000000002
2,listric_fault,high,0.5625932547916319,2253,2079,1559.2500000000002
2,listric_fault,high,0.5625932547916319,2253,2087,1565.2500000000002
2,listric_fault,high,0.5625932547916319,2255,2095,1571.2500000000002
2,listric_fault,high,0.5625932547916319,2257,2103,1577.2500000000002
2,listric_fault,high,0.5625932547916319,2257,2111,1583.2500000000002
2,listric_fault,high,0.5625932547916319,2260,2119,1589.2500000000002
2,listric_fault,high,0.5625932547916319,2257,2127,1595.2500000000002
2,listric_fault,high,0.5625932547916319,2257,2135,1601.2500000000002
2,listric_fault,high,0.5625932547916319,2260,2143,1607.2500000000002
2,listric_fault,high,0.5625932547916319,2262,2151,1613.2500000000002
2,listric_fault,high,0.5625932547916319,2262,2159,1619.2500000000002
2,listric_fault,high,0.5625932547916319,2262,2167,1625.2500000000002
2,listric_fault,high,0.5625932547916319,2262,2175,1631.2500000000002
2,listric_fault,high,0.5625932547916319,2262,2183,1637.2499999999998
2,listric_fault,high,0.5625932547916319,2262,2191,1643.2499999999998
2,listric_fault,high,0.5625932547916319,2262,2199,1649.2499999999998
2,listric_fault,high,0.5625932547916319,2262,2207,1655.25
2,listric_fault,high,0.5625932547916319,2262,2215,1661.25
2,listric_fault,high,0.5625932547916319,2262,2223,1667.25
2,listric_fault,high,0.5625932547916319,2262,2231,1673.25
2,listric_fault,high,0.5625932547916319,2272,2239,1679.25
2,listric_fault,high,0.5625932547916319,2282,2247,1685.25
2,listric_fault,high,0.5625932547916319,2282,2255,1691.25
2,listric_fault,high,0.5625932547916319,2281,2263,1697.25
2,listric_fault,high,0.5625932547916319,2272,2271,1703.25
2,listric_fault,high,0.5625932547916319,2272,2279,1709.25
2,listric_fault,high,0.5625932547916319,2253,2287,1715.25
2,listric_fault,high,0.5625932547916319,2253,2295,1721.25
2,listric_fault,high,0.5625932547916319,2250,2303,1727.25
2,listric_fault,high,0.5625932547916319,2250,2311,1733.25
2,listric_fault,high,0.5625932547916319,2250,2319,1739.25
2,listric_fault,high,0.5625932547916319,2250,2327,1745.25
2,listric_fault,high,0.5625932547916319,2250,2335,1751.25
2,listric_fault,high,0.5625932547916319,2248,2343,1757.25
2,listric_fault,high,0.5625932547916319,2250,2351,1763.25
2,listric_fault,high,0.5625932547916319,2250,2359,1769.25
2,listric_fault,high,0.5625932547916319,2250,2367,1775.25
2,listric_fault,high,0.5625932547916319,2250,2375,1781.25
2,listric_fault,high,0.5625932547916319,2254,2383,1787.25
2,listric_fault,high,0.5625932547916319,2254,2391,1793.25
2,listric_fault,high,0.5625932547916319,2254,2399,1799.25
2,listric_fault,high,0.5625932547916319,2254,2407,1805.25
2,listric_fault,high,0.5625932547916319,2258,2415,1811.25
2,listric_fault,high,0.5625932547916319,2254,2423,1817.25
2,listric_fault,high,0.5625932547916319,2254,2431,1823.25
2,listric_fault,high,0.5625932547916319,2253,2439,1829.25
2,listric_fault,high,0.5625932547916319,2253,2447,1835.25
2,listric_fault,high,0.5625932547916319,2253,2455,1841.25
2,listric_fault,high,0.5625932547916319,2253,2463,1847.25
2,listric_fault,high,0.5625932547916319,2253,2471,1853.25
2,listric_fault,high,0.5625932547916319,2255,2479,1859.25
2,listric_fault,high,0.5625932547916319,2255,2487,1865.25
2,listric_fault,high,0.5625932547916319,2255,2495,1871.25
2,listric_fault,high,0.5625932547916319,2255,2503,1877.25
2,listric_fault,high,0.5625932547916319,2255,2511,1883.25
2,listric_fault,high,0.5625932547916319,2258,2519,1889.25
2,listric_fault,high,0.5625932547916319,2264,2527,1895.25
2,listric_fault,high,0.5625932547916319,2264,2535,1901.25
2,listric_fault,high,0.5625932547916319,2264,2543,1907.25
2,listric_fault,high,0.5625932547916319,2264,2551,1913.2500000000002
2,listric_fault,high,0.5625932547916319,2264,2559,1919.2500000000002
2,listric_fault,high,0.5625932547916319,2264,2567,1925.2500000000002
2,listric_fault,high,0.5625932547916319,2258,2575,1931.2500000000002
2,listric_fault,high,0.5625932547916319,2267,2583,1937.2500000000002
2,listric_fault,high,0.5625932547916319,2267,2591,1943.2500000000002
2,listric_fault,high,0.5625932547916319,2267,2599,1949.2500000000002
2,listric_fault,high,0.5625932547916319,2252,2607,1955.2500000000002
2,listric_fault,high,0.5625932547916319,2241,2615,1961.2500000000002
2,listric_fault,high,0.5625932547916319,2241,2623,1967.2500000000002
2,listric_fault,high,0.5625932547916319,2250,2631,1973.2500000000002
2,listric_fault,high,0.5625932547916319,2250,2639,1979.2500000000002
2,listric_fault,high,0.5625932547916319,2241,2647,1985.2500000000002
2,listric_fault,high,0.5625932547916319,2241,2655,1991.2500000000002
2,listric_fault,high,0.5625932547916319,2241,2663,1997.2500000000002
2,listric_fault,high,0.5625932547916319,2241,2671,2003.2500000000002
2,listric_fault,high,0.5625932547916319,2241,2679,2009.2500000000002
2,listric_fault,high,0.5625932547916319,2250,2687,2015.2500000000002
2,listric_fault,high,0.5625932547916319,2252,2695,2021.2499999999998
2,listric_fault,high,0.5625932547916319,2256,2703,2027.2499999999998
2,listric_fault,high,0.5625932547916319,2258,2711,2033.25
2,listric_fault,high,0.5625932547916319,2258,2719,2039.25
2,listric_fault,high,0.5625932547916319,2258,2727,2045.25
2,listric_fault,high,0.5625932547916319,2258,2735,2051.25
2,listric_fault,high,0.5625932547916319,2259,2743,2057.25
2,listric_fault,high,0.5625932547916319,2259,2751,2063.25
2,listric_fault,high,0.5625932547916319,2259,2759,2069.25
2,listric_fault,high,0.5625932547916319,2259,2767,2075.25
2,listric_fault,high,0.5625932547916319,2259,2775,2081.25
2,listric_fault,high,0.5625932547916319,2259,2783,2087.25
2,listric_fault,high,0.5625932547916319,2259,2791,2093.25
2,listric_fault,high,0.5625932547916319,2247,2799,2099.25
2,listric_fault,high,0.5625932547916319,2255,2807,2105.25
2,listric_fault,high,0.5625932547916319,2259,2815,2111.25
2,listric_fault,high,0.5625932547916319,2280,2823,2117.25
2,listric_fault,high,0.5625932547916319,2281,2831,2123.25
2,listric_fault,high,0.5625932547916319,2281,2839,2129.25
2,listric_fault,high,0.5625932547916319,2281,2847,2135.25
2,listric_fault,high,0.5625932547916319,2284,2855,2141.25
2,listric_fault,high,0.5625932547916319,2284,2863,2147.25
2,listric_fault,high,0.5625932547916319,2284,2871,2153.25
2,listric_fault,high,0.5625932547916319,2284,2879,2159.25
2,listric_fault,high,0.5625932547916319,2284,2887,2165.25
2,listric_fault,high,0.5625932547916319,2284,2895,2171.25
2,listric_fault,high,0.5625932547916319,2284,2903,2177.25
2,listric_fault,high,0.5625932547916319,2291,2911,2183.25
2,listric_fault,high,0.5625932547916319,2291,2919,2189.25
2,listric_fault,high,0.5625932547916319,2291,2927,2195.25
2,listric_fault,high,0.5625932547916319,2264,2935,2201.25
2,listric_fault,high,0.5625932547916319,2264,2943,2207.25
2,listric_fault,high,0.5625932547916319,2258,2951,2213.25
2,listric_fault,high,0.5625932547916319,2256,2959,2219.25
2,listric_fault,high,0.5625932547916319,2255,2967,2225.25
2,listric_fault,high,0.5625932547916319,2255,2975,2231.25
2,listric_fault,high,0.5625932547916319,2253,2983,2237.25
2,listric_fault,high,0.5625932547916319,2246,2991,2243.25
2,listric_fault,high,0.5625932547916319,2246,2999,2249.25
2,listric_fault,high,0.5625932547916319,2246,3007,2255.25
2,listric_fault,high,0.5625932547916319,2242,3015,2261.25
2,listric_fault,high,0.5625932547916319,2240,3023,2267.25
2,listric_fault,high,0.5625932547916319,2240,3031,2273.25
2,listric_fault,high,0.5625932547916319,2240,3039,2279.25
2,listric_fault,high,0.5625932547916319,2242,3047,2285.25
2,listric_fault,high,0.5625932547916319,2246,3055,2291.25
2,listric_fault,high,0.5625932547916319,2249,3063,2297.25
2,listric_fault,high,0.5625932547916319,2250,3071,2303.25
2,listric_fault,high,0.5625932547916319,2258,3079,2309.25
2,listric_fault,high,0.5625932547916319,2259,3087,2315.25
2,listric_fault,high,0.5625932547916319,2259,3095,2321.25
2,listric_fault,high,0.5625932547916319,2259,3103,2327.25
2,listric_fault,high,0.5625932547916319,2259,3111,2333.25
2,listric_fault,high,0.5625932547916319,2259,3119,2339.25
2,listric_fault,high,0.5625932547916319,2258,3127,2345.25
2,listric_fault,high,0.5625932547916319,2258,3135,2351.25
2,listric_fault,high,0.5625932547916319,2254,3143,2357.25
2,listric_fault,high,0.5625932547916319,2258,3151,2363.25
2,listric_fault,high,0.5625932547916319,2258,3159,2369.25
2,listric_fault,high,0.5625932547916319,2258,3167,2375.25
2,listric_fault,high,0.5625932547916319,2254,3175,2381.25
2,listric_fault,high,0.5625932547916319,2254,3183,2387.25
2,listric_fault,high,0.5625932547916319,2258,3191,2393.25
2,listric_fault,high,0.5625932547916319,2259,3199,2399.25
2,listric_fault,high,0.5625932547916319,2259,3207,2405.25
2,listric_fault,high,0.5625932547916319,2259,3215,2411.25
2,listric_fault,high,0.5625932547916319,2258,3223,2417.25
2,listric_fault,high,0.5625932547916319,2258,3231,2423.25
2,listric_fault,high,0.5625932547916319,2262,3239,2429.25
2,listric_fault,high,0.5625932547916319,2258,3247,2435.25
2,listric_fault,high,0.5625932547916319,2258,3255,2441.25
2,listric_fault,high,0.5625932547916319,2258,3263,2447.25
2,listric_fault,high,0.5625932547916319,2258,3271,2453.25
2,listric_fault,high,0.5625932547916319,2258,3279,2459.25
2,listric_fault,high,0.5625932547916319,2253,3287,2465.25
2,listric_fault,high,0.5625932547916319,2250,3295,2471.25
2,listric_fault,high,0.5625932547916319,2250,3303,2477.25
2,listric_fault,high,0.5625932547916319,2250,3311,2483.25
2,listric_fault,high,0.5625932547916319,2250,3319,2489.25
2,listric_fault,high,0.5625932547916319,2250,3327,2495.25
2,listric_fault,high,0.5625932547916319,2250,3335,2501.25
2,listric_fault,high,0.5625932547916319,2245,3343,2507.25
2,listric_fault,high,0.5625932547916319,2245,3351,2513.25
2,listric_fault,high,0.5625932547916319,2245,3359,2519.25
2,listric_fault,high,0.5625932547916319,2241,3367,2525.25
2,listric_fault,high,0.5625932547916319,2241,3375,2531.25
2,listric_fault,high,0.5625932547916319,2241,3383,2537.25
2,listric_fault,high,0.5625932547916319,2243,3391,2543.25
2,listric_fault,high,0.5625932547916319,2243,3399,2549.25
2,listric_fault,high,0.5625932547916319,2243,3407,2555.25
2,listric_fault,high,0.5625932547916319,2243,3415,2561.25
2,listric_fault,high,0.5625932547916319,2253,3423,2567.25
2,listric_fault,high,0.5625932547916319,2254,3431,2573.25
2,listric_fault,high,0.5625932547916319,2256,3439,2579.25
2,listric_fault,high,0.5625932547916319,2256,3447,2585.25
2,listric_fault,high,0.5625932547916319,2256,3455,2591.25
2,listric_fault,high,0.5625932547916319,2253,3463,2597.25
2,listric_fault,high,0.5625932547916319,2253,3471,2603.25
2,listric_fault,high,0.5625932547916319,2253,3479,2609.25
2,listric_fault,high,0.5625932547916319,2256,3487,2615.25
2,listric_fault,high,0.5625932547916319,2252,3495,2621.25
2,listric_fault,high,0.5625932547916319,2259,3503,2627.25
2,listric_fault,high,0.5625932547916319,2259,3511,2633.25
2,listric_fault,high,0.5625932547916319,2255,3519,2639.25
2,listric_fault,high,0.5625932547916319,2255,3527,2645.25
2,listric_fault,high,0.5625932547916319,2252,3535,2651.25
2,listric_fault,high,0.5625932547916319,2255,3543,2657.25
2,listric_fault,high,0.5625932547916319,2258,3551,2663.25
2,listric_fault,high,0.5625932547916319,2265,3559,2669.25
2,listric_fault,high,0.5625932547916319,2266,3567,2675.25
2,listric_fault,high,0.5625932547916319,2266,3575,2681.25
2,listric_fault,high,0.5625932547916319,2266,3583,2687.25
2,listric_fault,high,0.5625932547916319,2259,3591,2693.25
2,listric_fault,high,0.5625932547916319,2258,3599,2699.25
2,listric_fault,high,0.5625932547916319,2259,3607,2705.25
2,listric_fault,high,0.5625932547916319,2259,3615,2711.25
2,listric_fault,high,0.5625932547916319,2266,3623,2717.25
2,listric_fault,high,0.5625932547916319,2266,3631,2723.25
2,listric_fault,high,0.5625932547916319,2259,3639,2729.25
2,listric_fault,high,0.5625932547916319,2258,3647,2735.25
2,listric_fault,high,0.5625932547916319,2257,3655,2741.25
2,listric_fault,high,0.5625932547916319,2257,3663,2747.25
2,listric_fault,high,0.5625932547916319,2257,3671,2753.25
2,listric_fault,high,0.5625932547916319,2260,3679,2759.25
2,listric_fault,high,0.5625932547916319,2260,3687,2765.25
2,listric_fault,high,0.5625932547916319,2257,3695,2771.25
2,listric_fault,high,0.5625932547916319,2257,3703,2777.25
2,listric_fault,high,0.5625932547916319,2251,3711,2783.25
2,listric_fault,high,0.5625932547916319,2245,3719,2789.25
2,listric_fault,high,0.5625932547916319,2245,3727,2795.25
2,listric_fault,high,0.5625932547916319,2239,3735,2801.25
2,listric_fault,high,0.5625932547916319,2245,3743,2807.25
2,listric_fault,high,0.5625932547916319,2245,3751,2813.25
2,listric_fault,high,0.5625932547916319,2239,3759,2819.25
2,listric_fault,high,0.5625932547916319,2239,3767,2825.25
2,listric_fault,high,0.5625932547916319,2245,3775,2831.25
2,listric_fault,high,0.5625932547916319,2248,3783,2837.25
2,listric_fault,high,0.5625932547916319,2248,3791,2843.25
2,listric_fault,high,0.5625932547916319,2253,3799,2849.25
2,listric_fault,high,0.5625932547916319,2253,3807,2855.25
2,listric_fault,high,0.5625932547916319,2253,3815,2861.25
2,listric_fault,high,0.5625932547916319,2253,3823,2867.25
2,listric_fault,high,0.5625932547916319,2256,3831,2873.25
2,listric_fault,high,0.5625932547916319,2253,3839,2879.25
2,listric_fault,high,0.5625932547916319,2256,3847,2885.25
2,listric_fault,high,0.5625932547916319,2256,3855,2891.25
2,listric_fault,high,0.5625932547916319,2260,3863,2897.25
2,listric_fault,high,0.5625932547916319,2253,3871,2903.25
2,listric_fault,high,0.5625932547916319,2253,3879,2909.25
2,listric_fault,high,0.5625932547916319,2252,3887,2915.25
2,listric_fault,high,0.5625932547916319,2252,3895,2921.25
2,listric_fault,high,0.5625932547916319,2255,3903,2927.25
2,listric_fault,high,0.5625932547916319,2255,3911,2933.25
2,listric_fault,high,0.5625932547916319,2252,3919,2939.25
2,listric_fault,high,0.5625932547916319,2252,3927,2945.25
2,listric_fault,high,0.5625932547916319,2252,3935,2951.25
2,listric_fault,high,0.5625932547916319,2255,3943,2957.25
2,listric_fault,high,0.5625932547916319,2243,3951,2963.25
2,listric_fault,high,0.5625932547916319,2255,3959,2969.25
2,listric_fault,high,0.5625932547916319,2255,3967,2975.25
2,listric_fault,high,0.5625932547916319,2258,3975,2981.25
2,listric_fault,high,0.5625932547916319,2255,3983,2987.25
2,listric_fault,high,0.5625932547916319,2258,3991,2993.25
2,listric_fault,high,0.5625932547916319,2260,3999,2999.25
2,listric_fault,high,0.5625932547916319,2260,4007,3005.2499999999995
2,listric_fault,high,0.5625932547916319,2260,4015,3011.2499999999995
2,listric_fault,high,0.5625932547916319,2258,4023,3017.2499999999995
2,listric_fault,high,0.5625932547916319,2251,4031,3023.2499999999995
2,listric_fault,high,0.5625932547916319,2251,4039,3029.25
2,listric_fault,high,0.5625932547916319,2246,4047,3035.25
2,listric_fault,high,0.5625932547916319,2246,4055,3041.25
2,listric_fault,high,0.5625932547916319,2246,4063,3047.25
2,listric_fault,high,0.5625932547916319,2246,4071,3053.25
2,listric_fault,high,0.5625932547916319,2246,4079,3059.25
2,listric_fault,high,0.5625932547916319,2246,4087,3065.25
2,listric_fault,high,0.5625932547916319,2251,4095,3071.25
2,listric_fault,high,0.5625932547916319,2261,4103,3077.25
2,listric_fault,high,0.5625932547916319,2261,4111,3083.25
2,listric_fault,high,0.5625932547916319,2262,4119,3089.25
2,listric_fault,high,0.5625932547916319,2262,4127,3095.25
2,listric_fault,high,0.5625932547916319,2264,4135,3101.25
2,listric_fault,high,0.5625932547916319,2264,4143,3107.25
2,listric_fault,high,0.5625932547916319,2264,4151,3113.25
2,listric_fault,high,0.5625932547916319,2264,4159,3119.25
2,listric_fault,high,0.5625932547916319,2264,4167,3125.25
2,listric_fault,high,0.5625932547916319,2264,4175,3131.25
2,listric_fault,high,0.5625932547916319,2272,4183,3137.25
2,listric_fault,high,0.5625932547916319,2272,4191,3143.25
2,listric_fault,high,0.5625932547916319,2272,4199,3149.25
2,listric_fault,high,0.5625932547916319,2260,4207,3155.25
2,listric_fault,high,0.5625932547916319,2260,4215,3161.25
2,listric_fault,high,0.5625932547916319,2260,4223,3167.25
2,listric_fault,high,0.5625932547916319,2259,4231,3173.25
2,listric_fault,high,0.5625932547916319,2259,4239,3179.25
2,listric_fault,high,0.5625932547916319,2259,4247,3185.25
2,listric_fault,high,0.5625932547916319,2259,4255,3191.25
2,listric_fault,high,0.5625932547916319,2259,4263,3197.25
2,listric_fault,high,0.5625932547916319,2257,4271,3203.25
2,listric_fault,high,0.5625932547916319,2255,4279,3209.25
2,listric_fault,high,0.5625932547916319,2255,4287,3215.25
2,listric_fault,high,0.5625932547916319,2257,4295,3221.25
2,listric_fault,high,0.5625932547916319,2255,4303,3227.25
2,listric_fault,high,0.5625932547916319,2247,4311,3233.25
2,listric_fault,high,0.5625932547916319,2255,4319,3239.25
2,listric_fault,high,0.5625932547916319,2255,4327,3245.25
2,listric_fault,high,0.5625932547916319,2256,4335,3251.25
2,listric_fault,high,0.5625932547916319,2256,4343,3257.25
2,listric_fault,high,0.5625932547916319,2255,4351,3263.25
2,listric_fault,high,0.5625932547916319,2255,4359,3269.25
2,listric_fault,high,0.5625932547916319,2252,4367,3275.25
2,listric_fault,high,0.5625932547916319,2255,4375,3281.25
2,listric_fault,high,0.5625932547916319,2252,4383,3287.25
2,listric_fault,high,0.5625932547916319,2254,4391,3293.25
2,listric_fault,high,0.5625932547916319,2255,4399,3299.25
2,listric_fault,high,0.5625932547916319,2255,4407,3305.25
2,listric_fault,high,0.5625932547916319,2255,4415,3311.25
2,listric_fault,high,0.5625932547916319,2255,4423,3317.25
2,listric_fault,high,0.5625932547916319,2254,4431,3323.25
2,listric_fault,high,0.5625932547916319,2254,4439,3329.25
2,listric_fault,high,0.5625932547916319,2254,4447,3335.25
2,listric_fault,high,0.5625932547916319,2254,4455,3341.25
2,listric_fault,high,0.5625932547916319,2249,4463,3347.25
2,listric_fault,high,0.5625932547916319,2250,4471,3353.25
2,listric_fault,high,0.5625932547916319,2249,4479,3359.25
2,listric_fault,high,0.5625932547916319,2246,4487,3365.25
2,listric_fault,high,0.5625932547916319,2245,4495,3371.25
2,listric_fault,high,0.5625932547916319,2244,4503,3377.25
2,listric_fault,high,0.5625932547916319,2244,4511,3383.25
2,listric_fault,high,0.5625932547916319,2244,4519,3389.25
2,listric_fault,high,0.5625932547916319,2244,4527,3395.25
2,listric_fault,high,0.5625932547916319,2245,4535,3401.25
2,listric_fault,high,0.5625932547916319,2245,4543,3407.25
2,listric_fault,high,0.5625932547916319,2245,4551,3413.25
2,listric_fault,high,0.5625932547916319,2245,4559,3419.25
2,listric_fault,high,0.5625932547916319,2244,4567,3425.25
2,listric_fault,high,0.5625932547916319,2244,4575,3431.25
2,listric_fault,high,0.5625932547916319,2250,4583,3437.25
2,listric_fault,high,0.5625932547916319,2250,4591,3443.25
2,listric_fault,high,0.5625932547916319,2240,4599,3449.25
2,listric_fault,high,0.5625932547916319,2238,4607,3455.25
2,listric_fault,high,0.5625932547916319,2236,4615,3461.25
2,listric_fault,high,0.5625932547916319,2213,4623,3467.25
3,listric_fault,high,0.5609571143932819,4063,2013,1509.75
3,listric_fault,high,0.5609571143932819,4107,2021,1515.75
3,listric_fault,high,0.5609571143932819,4119,2029,1521.75
3,listric_fault,high,0.5609571143932819,4119,2037,1527.75
3,listric_fault,high,0.5609571143932819,4121,2045,1533.75
3,listric_fault,high,0.5609571143932819,4121,2053,1539.75
3,listric_fault,high,0.5609571143932819,4121,2061,1545.75
3,listric_fault,high,0.5609571143932819,4130,2069,1551.75
3,listric_fault,high,0.5609571143932819,4131,2077,1557.75
3,listric_fault,high,0.5609571143932819,4135,2085,1563.75
3,listric_fault,high,0.5609571143932819,4141,2093,1569.75
3,listric_fault,high,0.5609571143932819,4141,2101,1575.75
3,listric_fault,high,0.5609571143932819,4140,2109,1581.75
3,listric_fault,high,0.5609571143932819,4134,2117,1587.75
3,listric_fault,high,0.5609571143932819,4134,2125,1593.75
3,listric_fault,high,0.5609571143932819,4134,2133,1599.75
3,listric_fault,high,0.5609571143932819,4134,2141,1605.75
3,listric_fault,high,0.5609571143932819,4134,2149,1611.75
3,listric_fault,high,0.5609571143932819,4134,2157,1617.75
3,listric_fault,high,0.5609571143932819,4134,2165,1623.75
3,listric_fault,high,0.5609571143932819,4134,2173,1629.75
3,listric_fault,high,0.5609571143932819,4134,2181,1635.75
3,listric_fault,high,0.5609571143932819,4131,2189,1641.75
3,listric_fault,high,0.5609571143932819,4126,2197,1647.75
3,listric_fault,high,0.5609571143932819,4123,2205,1653.75
3,listric_fault,high,0.5609571143932819,4123,2213,1659.75
3,listric_fault,high,0.5609571143932819,4126,2221,1665.75
3,listric_fault,high,0.5609571143932819,4131,2229,1671.75
3,listric_fault,high,0.5609571143932819,4134,2237,1677.75
3,listric_fault,high,0.5609571143932819,4140,2245,1683.75
3,listric_fault,high,0.5609571143932819,4140,2253,1689.75
3,listric_fault,high,0.5609571143932819,4134,2261,1695.75
3,listric_fault,high,0.5609571143932819,4126,2269,1701.75
3,listric_fault,high,0.5609571143932819,4125,2277,1707.75
3,listric_fault,high,0.5609571143932819,4125,2285,1713.75
3,listric_fault,high,0.5609571143932819,4134,2293,1719.75
3,listric_fault,high,0.5609571143932819,4144,2301,1725.7500000000002
3,listric_fault,high,0.5609571143932819,4152,2309,1731.7500000000002
3,listric_fault,high,0.5609571143932819,4144,2317,1737.7500000000002
3,listric_fault,high,0.5609571143932819,4144,2325,1743.7500000000002
3,listric_fault,high,0.5609571143932819,4144,2333,1749.7500000000002
3,listric_fault,high,0.5609571143932819,4125,2341,1755.7500000000002
3,listric_fault,high,0.5609571143932819,4125,2349,1761.7500000000002
3,listric_fault,high,0.5609571143932819,4125,2357,1767.7500000000002
3,listric_fault,high,0.5609571143932819,4124,2365,1773.7500000000002
3,listric_fault,high,0.5609571143932819,4124,2373,1779.7500000000002
3,listric_fault,high,0.5609571143932819,4120,2381,1785.7500000000002
3,listric_fault,high,0.5609571143932819,4117,2389,1791.7500000000002
3,listric_fault,high,0.5609571143932819,4117,2397,1797.7500000000002
3,listric_fault,high,0.5609571143932819,4117,2405,1803.7500000000002
3,listric_fault,high,0.5609571143932819,4111,2413,1809.7500000000002
3,listric_fault,high,0.5609571143932819,4111,2421,1815.7500000000002
3,listric_fault,high,0.5609571143932819,4111,2429,1821.7500000000002
3,listric_fault,high,0.5609571143932819,4111,2437,1827.7499999999998
3,listric_fault,high,0.5609571143932819,4117,2445,1833.7499999999998
3,listric_fault,high,0.5609571143932819,4117,2453,1839.7499999999998
3,listric_fault,high,0.5609571143932819,4111,2461,1845.75
3,listric_fault,high,0.5609571143932819,4111,2469,1851.75
3,listric_fault,high,0.5609571143932819,4122,2477,1857.75
3,listric_fault,high,0.5609571143932819,4122,2485,1863.75
3,listric_fault,high,0.5609571143932819,4122,2493,1869.75
3,listric_fault,high,0.5609571143932819,4122,2501,1875.75
3,listric_fault,high,0.5609571143932819,4119,2509,1881.75
3,listric_fault,high,0.5609571143932819,4119,2517,1887.75
3,listric_fault,high,0.5609571143932819,4119,2525,1893.75
3,listric_fault,high,0.5609571143932819,4119,2533,1899.75
3,listric_fault,high,0.5609571143932819,4119,2541,1905.75
3,listric_fault,high,0.5609571143932819,4122,2549,1911.75
3,listric_fault,high,0.5609571143932819,4122,2557,1917.75
3,listric_fault,high,0.5609571143932819,4119,2565,1923.75
3,listric_fault,high,0.5609571143932819,4119,2573,1929.75
3,listric_fault,high,0.5609571143932819,4119,2581,1935.75
3,listric_fault,high,0.5609571143932819,4119,2589,1941.75
3,listric_fault,high,0.5609571143932819,4118,2597,1947.75
3,listric_fault,high,0.5609571143932819,4118,2605,1953.75
3,listric_fault,high,0.5609571143932819,4118,2613,1959.75
3,listric_fault,high,0.5609571143932819,4118,2621,1965.75
3,listric_fault,high,0.5609571143932819,4122,2629,1971.75
3,listric_fault,high,0.5609571143932819,4143,2637,1977.75
3,listric_fault,high,0.5609571143932819,4145,2645,1983.75
3,listric_fault,high,0.5609571143932819,4148,2653,1989.75
3,listric_fault,high,0.5609571143932819,4148,2661,1995.75
3,listric_fault,high,0.5609571143932819,4148,2669,2001.75
3,listric_fault,high,0.5609571143932819,4148,2677,2007.75
3,listric_fault,high,0.5609571143932819,4148,2685,2013.75
3,listric_fault,high,0.5609571143932819,4145,2693,2019.75
3,listric_fault,high,0.5609571143932819,4143,2701,2025.75
3,listric_fault,high,0.5609571143932819,4122,2709,2031.75
3,listric_fault,high,0.5609571143932819,4110,2717,2037.75
3,listric_fault,high,0.5609571143932819,4110,2725,2043.75
3,listric_fault,high,0.5609571143932819,4100,2733,2049.75
3,listric_fault,high,0.5609571143932819,4100,2741,2055.75
3,listric_fault,high,0.5609571143932819,4110,2749,2061.75
3,listric_fault,high,0.5609571143932819,4110,2757,2067.75
3,listric_fault,high,0.5609571143932819,4110,2765,2073.75
3,listric_fault,high,0.5609571143932819,4118,2773,2079.75
3,listric_fault,high,0.5609571143932819,4118,2781,2085.75
3,listric_fault,high,0.5609571143932819,4120,2789,2091.75
3,listric_fault,high,0.5609571143932819,4132,2797,2097.75
3,listric_fault,high,0.5609571143932819,4134,2805,2103.75
3,listric_fault,high,0.5609571143932819,4134,2813,2109.75
3,listric_fault,high,0.5609571143932819,4134,2821,2115.75
3,listric_fault,high,0.5609571143932819,4136,2829,2121.75
3,listric_fault,high,0.5609571143932819,4136,2837,2127.75
3,listric_fault,high,0.5609571143932819,4147,2845,2133.75
3,listric_fault,high,0.5609571143932819,4136,2853,2139.75
3,listric_fault,high,0.5609571143932819,4134,2861,2145.75
3,listric_fault,high,0.5609571143932819,4136,2869,2151.75
3,listric_fault,high,0.5609571143932819,4136,2877,2157.75
3,listric_fault,high,0.5609571143932819,4129,2885,2163.75
3,listric_fault,high,0.5609571143932819,4125,2893,2169.75
3,listric_fault,high,0.5609571143932819,4125,2901,2175.75
3,listric_fault,high,0.5609571143932819,4120,2909,2181.75
3,listric_fault,high,0.5609571143932819,4116,2917,2187.75
3,listric_fault,high,0.5609571143932819,4120,2925,2193.75
3,listric_fault,high,0.5609571143932819,4120,2933,2199.75
3,listric_fault,high,0.5609571143932819,4116,2941,2205.75
3,listric_fault,high,0.5609571143932819,4116,2949,2211.75
3,listric_fault,high,0.5609571143932819,4115,2957,2217.75
3,listric_fault,high,0.5609571143932819,4115,2965,2223.75
3,listric_fault,high,0.5609571143932819,4115,2973,2229.75
3,listric_fault,high,0.5609571143932819,4121,2981,2235.75
3,listric_fault,high,0.5609571143932819,4125,2989,2241.75
3,listric_fault,high,0.5609571143932819,4125,2997,2247.75
3,listric_fault,high,0.5609571143932819,4127,3005,2253.75
3,listric_fault,high,0.5609571143932819,4127,3013,2259.75
3,listric_fault,high,0.5609571143932819,4125,3021,2265.75
3,listric_fault,high,0.5609571143932819,4127,3029,2271.75
3,listric_fault,high,0.5609571143932819,4127,3037,2277.75
3,listric_fault,high,0.5609571143932819,4127,3045,2283.75
3,listric_fault,high,0.5609571143932819,4125,3053,2289.75
3,listric_fault,high,0.5609571143932819,4125,3061,2295.75
3,listric_fault,high,0.5609571143932819,4125,3069,2301.75
3,listric_fault,high,0.5609571143932819,4131,3077,2307.75
3,listric_fault,high,0.5609571143932819,4135,3085,2313.75
3,listric_fault,high,0.5609571143932819,4135,3093,2319.75
3,listric_fault,high,0.5609571143932819,4135,3101,2325.75
3,listric_fault,high,0.5609571143932819,4135,3109,2331.75
3,listric_fault,high,0.5609571143932819,4135,3117,2337.75
3,listric_fault,high,0.5609571143932819,4135,3125,2343.75
3,listric_fault,high,0.5609571143932819,4135,3133,2349.75
3,listric_fault,high,0.5609571143932819,4135,3141,2355.75
3,listric_fault,high,0.5609571143932819,4135,3149,2361.75
3,listric_fault,high,0.5609571143932819,4130,3157,2367.75
3,listric_fault,high,0.5609571143932819,4130,3165,2373.75
3,listric_fault,high,0.5609571143932819,4128,3173,2379.75
3,listric_fault,high,0.5609571143932819,4126,3181,2385.75
3,listric_fault,high,0.5609571143932819,4126,3189,2391.75
3,listric_fault,high,0.5609571143932819,4126,3197,2397.75
3,listric_fault,high,0.5609571143932819,4128,3205,2403.75
3,listric_fault,high,0.5609571143932819,4130,3213,2409.75
3,listric_fault,high,0.5609571143932819,4132,3221,2415.75
3,listric_fault,high,0.5609571143932819,4132,3229,2421.75
3,listric_fault,high,0.5609571143932819,4132,3237,2427.75
3,listric_fault,high,0.5609571143932819,4132,3245,2433.75
3,listric_fault,high,0.5609571143932819,4101,3253,2439.75
3,listric_fault,high,0.5609571143932819,4101,3261,2445.75
3,listric_fault,high,0.5609571143932819,4132,3269,2451.75
3,listric_fault,high,0.5609571143932819,4132,3277,2457.75
3,listric_fault,high,0.5609571143932819,4132,3285,2463.75
3,listric_fault,high,0.5609571143932819,4125,3293,2469.75
3,listric_fault,high,0.5609571143932819,4101,3301,2475.75
3,listric_fault,high,0.5609571143932819,4096,3309,2481.75
3,listric_fault,high,0.5609571143932819,4093,3317,2487.75
3,listric_fault,high,0.5609571143932819,4093,3325,2493.75
3,listric_fault,high,0.5609571143932819,4089,3333,2499.75
3,listric_fault,high,0.5609571143932819,4125,3341,2505.75
3,listric_fault,high,0.5609571143932819,4126,3349,2511.75
3,listric_fault,high,0.5609571143932819,4126,3357,2517.75
3,listric_fault,high,0.5609571143932819,4126,3365,2523.75
3,listric_fault,high,0.5609571143932819,4125,3373,2529.75
3,listric_fault,high,0.5609571143932819,4121,3381,2535.75
3,listric_fault,high,0.5609571143932819,4121,3389,2541.75
3,listric_fault,high,0.5609571143932819,4121,3397,2547.75
3,listric_fault,high,0.5609571143932819,4121,3405,2553.75
3,listric_fault,high,0.5609571143932819,4121,3413,2559.75
3,listric_fault,high,0.5609571143932819,4126,3421,2565.75
3,listric_fault,high,0.5609571143932819,4127,3429,2571.75
3,listric_fault,high,0.5609571143932819,4127,3437,2577.75
3,listric_fault,high,0.5609571143932819,4121,3445,2583.75
3,listric_fault,high,0.5609571143932819,4121,3453,2589.75
3,listric_fault,high,0.5609571143932819,4127,3461,2595.75
3,listric_fault,high,0.5609571143932819,4131,3469,2601.75
3,listric_fault,high,0.5609571143932819,4131,3477,2607.75
3,listric_fault,high,0.5609571143932819,4131,3485,2613.75
3,listric_fault,high,0.5609571143932819,4131,3493,2619.75
3,listric_fault,high,0.5609571143932819,4127,3501,2625.75
3,listric_fault,high,0.5609571143932819,4125,3509,2631.75
3,listric_fault,high,0.5609571143932819,4125,3517,2637.75
3,listric_fault,high,0.5609571143932819,4125,3525,2643.75
3,listric_fault,high,0.5609571143932819,4125,3533,2649.75
3,listric_fault,high,0.5609571143932819,4120,3541,2655.75
3,listric_fault,high,0.5609571143932819,4120,3549,2661.75
3,listric_fault,high,0.5609571143932819,4119,3557,2667.75
3,listric_fault,high,0.5609571143932819,4119,3565,2673.75
3,listric_fault,high,0.5609571143932819,4119,3573,2679.75
3,listric_fault,high,0.5609571143932819,4119,3581,2685.75
3,listric_fault,high,0.5609571143932819,4119,3589,2691.75
3,listric_fault,high,0.5609571143932819,4104,3597,2697.75
3,listric_fault,high,0.5609571143932819,4098,3605,2703.75
3,listric_fault,high,0.5609571143932819,4104,3613,2709.75
3,listric_fault,high,0.5609571143932819,4120,3621,2715.75
3,listric_fault,high,0.5609571143932819,4121,3629,2721.75
3,listric_fault,high,0.5609571143932819,4121,3637,2727.75
3,listric_fault,high,0.5609571143932819,4122,3645,2733.75
3,listric_fault,high,0.5609571143932819,4122,3653,2739.75
3,listric_fault,high,0.5609571143932819,4122,3661,2745.75
3,listric_fault,high,0.5609571143932819,4122,3669,2751.75
3,listric_fault,high,0.5609571143932819,4122,3677,2757.75
3,listric_fault,high,0.5609571143932819,4123,3685,2763.75
3,listric_fault,high,0.5609571143932819,4123,3693,2769.75
3,listric_fault,high,0.5609571143932819,4122,3701,2775.75
3,listric_fault,high,0.5609571143932819,4122,3709,2781.75
3,listric_fault,high,0.5609571143932819,4122,3717,2787.75
3,listric_fault,high,0.5609571143932819,4123,3725,2793.75
3,listric_fault,high,0.5609571143932819,4123,3733,2799.75
3,listric_fault,high,0.5609571143932819,4123,3741,2805.75
3,listric_fault,high,0.5609571143932819,4126,3749,2811.75
3,listric_fault,high,0.5609571143932819,4126,3757,2817.75
3,listric_fault,high,0.5609571143932819,4128,3765,2823.75
3,listric_fault,high,0.5609571143932819,4126,3773,2829.75
3,listric_fault,high,0.5609571143932819,4127,3781,2835.75
3,listric_fault,high,0.5609571143932819,4128,3789,2841.75
3,listric_fault,high,0.5609571143932819,4128,3797,2847.75
3,listric_fault,high,0.5609571143932819,4127,3805,2853.75
3,listric_fault,high,0.5609571143932819,4127,3813,2859.75
3,listric_fault,high,0.5609571143932819,4127,3821,2865.75
3,listric_fault,high,0.5609571143932819,4129,3829,2871.75
3,listric_fault,high,0.5609571143932819,4127,3837,2877.75
3,listric_fault,high,0.5609571143932819,4127,3845,2883.75
3,listric_fault,high,0.5609571143932819,4127,3853,2889.75
3,listric_fault,high,0.5609571143932819,4129,3861,2895.75
3,listric_fault,high,0.5609571143932819,4138,3869,2901.75
3,listric_fault,high,0.5609571143932819,4129,3877,2907.75
3,listric_fault,high,0.5609571143932819,4124,3885,2913.75
3,listric_fault,high,0.5609571143932819,4124,3893,2919.75
3,listric_fault,high,0.5609571143932819,4118,3901,2925.75
3,listric_fault,high,0.5609571143932819,4124,3909,2931.75
3,listric_fault,high,0.5609571143932819,4120,3917,2937.75
3,listric_fault,high,0.5609571143932819,4120,3925,2943.75
3,listric_fault,high,0.5609571143932819,4138,3933,2949.75
3,listric_fault,high,0.5609571143932819,4138,3941,2955.75
3,listric_fault,high,0.5609571143932819,4120,3949,2961.75
3,listric_fault,high,0.5609571143932819,4120,3957,2967.75
3,listric_fault,high,0.5609571143932819,4120,3965,2973.75
3,listric_fault,high,0.5609571143932819,4120,3973,2979.75
3,listric_fault,high,0.5609571143932819,4120,3981,2985.75
3,listric_fault,high,0.5609571143932819,4131,3989,2991.75
3,listric_fault,high,0.5609571143932819,4124,3997,2997.75
3,listric_fault,high,0.5609571143932819,4131,4005,3003.75
3,listric_fault,high,0.5609571143932819,4131,4013,3009.75
3,listric_fault,high,0.5609571143932819,4131,4021,3015.75
3,listric_fault,high,0.5609571143932819,4125,4029,3021.75
3,listric_fault,high,0.5609571143932819,4125,4037,3027.75
3,listric_fault,high,0.5609571143932819,4124,4045,3033.75
3,listric_fault,high,0.5609571143932819,4124,4053,3039.75
3,listric_fault,high,0.5609571143932819,4124,4061,3045.75
3,listric_fault,high,0.5609571143932819,4125,4069,3051.75
3,listric_fault,high,0.5609571143932819,4125,4077,3057.75
3,listric_fault,high,0.5609571143932819,4125,4085,3063.75
3,listric_fault,high,0.5609571143932819,4125,4093,3069.75
3,listric_fault,high,0.5609571143932819,4125,4101,3075.75
3,listric_fault,high,0.5609571143932819,4125,4109,3081.75
3,listric_fault,high,0.5609571143932819,4125,4117,3087.75
3,listric_fault,high,0.5609571143932819,4128,4125,3093.75
3,listric_fault,high,0.5609571143932819,4128,4133,3099.75
3,listric_fault,high,0.5609571143932819,4128,4141,3105.75
3,listric_fault,high,0.5609571143932819,4128,4149,3111.75
3,listric_fault,high,0.5609571143932819,4125,4157,3117.75
3,listric_fault,high,0.5609571143932819,4125,4165,3123.75
3,listric_fault,high,0.5609571143932819,4122,4173,3129.75
3,listric_fault,high,0.5609571143932819,4125,4181,3135.75
3,listric_fault,high,0.5609571143932819,4122,4189,3141.75
3,listric_fault,high,0.5609571143932819,4122,4197,3147.75
3,listric_fault,high,0.5609571143932819,4122,4205,3153.75
3,listric_fault,high,0.5609571143932819,4122,4213,3159.75
3,listric_fault,high,0.5609571143932819,4122,4221,3165.75
3,listric_fault,high,0.5609571143932819,4122,4229,3171.75
3,listric_fault,high,0.5609571143932819,4133,4237,3177.75
3,listric_fault,high,0.5609571143932819,4133,4245,3183.75
3,listric_fault,high,0.5609571143932819,4133,4253,3189.75
3,listric_fault,high,0.5609571143932819,4133,4261,3195.75
3,listric_fault,high,0.5609571143932819,4124,4269,3201.75
3,listric_fault,high,0.5609571143932819,4133,4277,3207.75
3,listric_fault,high,0.5609571143932819,4129,4285,3213.75
3,listric_fault,high,0.5609571143932819,4129,4293,3219.75
3,listric_fault,high,0.5609571143932819,4124,4301,3225.75
3,listric_fault,high,0.5609571143932819,4124,4309,3231.75
3,listric_fault,high,0.5609571143932819,4124,4317,3237.75
3,listric_fault,high,0.5609571143932819,4124,4325,3243.75
3,listric_fault,high,0.5609571143932819,4126,4333,3249.75
3,listric_fault,high,0.5609571143932819,4126,4341,3255.75
3,listric_fault,high,0.5609571143932819,4126,4349,3261.75
3,listric_fault,high,0.5609571143932819,4126,4357,3267.75
3,listric_fault,high,0.5609571143932819,4124,4365,3273.75
3,listric_fault,high,0.5609571143932819,4124,4373,3279.75
3,listric_fault,high,0.5609571143932819,4126,4381,3285.75
3,listric_fault,high,0.5609571143932819,4126,4389,3291.75
3,listric_fault,high,0.5609571143932819,4126,4397,3297.75
3,listric_fault,high,0.5609571143932819,4126,4405,3303.75
3,listric_fault,high,0.5609571143932819,4123,4413,3309.75
3,listric_fault,high,0.5609571143932819,4123,4421,3315.75
3,listric_fault,high,0.5609571143932819,4126,4429,3321.75
3,listric_fault,high,0.5609571143932819,4126,4437,3327.75
3,listric_fault,high,0.5609571143932819,4127,4445,3333.75
3,listric_fault,high,0.5609571143932819,4137,4453,3339.75
3,listric_fault,high,0.5609571143932819,4137,4461,3345.75
3,listric_fault,high,0.5609571143932819,4126,4469,3351.7500000000005
3,listric_fault,high,0.5609571143932819,4135,4477,3357.7500000000005
3,listric_fault,high,0.5609571143932819,4135,4485,3363.7500000000005
3,listric_fault,high,0.5609571143932819,4135,4493,3369.7500000000005
3,listric_fault,high,0.5609571143932819,4135,4501,3375.7500000000005
3,listric_fault,high,0.5609571143932819,4135,4509,3381.7500000000005
3,listric_fault,high,0.5609571143932819,4135,4517,3387.7500000000005
3,listric_fault,high,0.5609571143932819,4135,4525,3393.7500000000005
3,listric_fault,high,0.5609571143932819,4126,4533,3399.7500000000005
3,listric_fault,high,0.5609571143932819,4125,4541,3405.7500000000005
3,listric_fault,high,0.5609571143932819,4125,4549,3411.7500000000005
3,listric_fault,high,0.5609571143932819,4135,4557,3417.7500000000005
3,listric_fault,high,0.5609571143932819,4125,4565,3423.7500000000005
3,listric_fault,high,0.5609571143932819,4122,4573,3429.7500000000005
3,listric_fault,high,0.5609571143932819,4122,4581,3435.7500000000005
3,listric_fault,high,0.5609571143932819,4122,4589,3441.7500000000005
3,listric_fault,high,0.5609571143932819,4122,4597,3447.7500000000005
3,listric_fault,high,0.5609571143932819,4098,4605,3453.7500000000005
3,listric_fault,high,0.5609571143932819,4098,4613,3459.7500000000005
3,listric_fault,high,0.5609571143932819,4098,4621,3465.7500000000005
